RMSE,MAE,R2,Target,Model
10.486313308011722,6.947626694510767,0.22488890341962464,El_kWh,Ridge
10.413474825665686,6.589581619414311,0.23561943081262438,El_kWh,RandomForest
8.451102817317413,3.455520638974879,0.6011518180168047,Duration_hours,Ridge
11.378571602660662,3.447041800900483,0.27696996329150025,Duration_hours,RandomForest
10.956330285059128,7.007983291420522,0.15384772322334894,El_kWh,XGBoost
13.468669487548407,4.1845351403731295,-0.01304849906435468,Duration_hours,XGBoost
10.417185482754387,6.754812678203506,0.23507458683551408,El_kWh,KerasNN
8.377304747882974,3.2479643679861367,0.6080871757654838,Duration_hours,KerasNN
